{
  "jogos": [
    {
      "id": "1",
      "titulo": "fifa 22",
      "preco": "163,35",
      "imagem": "imagens/fifa.jpeg"
    },
    {
      "id": "2",
      "titulo": "THE LAST OF US II - REMASTERED",
      "preco": "45,35",
      "imagem": "imagens/tlou.jpeg"
    },
    {
      "id": "0b52",
      "titulo": "GRD LEGENDS",
      "preco": "105,86",
      "imagem": "imagens/grid.jpeg"
    },
    {
      "titulo": "ASSASSIN'S CREED SHADOWS",
      "preco": "143,91",
      "imagem": "imagens/asc.jpeg",
      "id": "b213"
    }
  ]
}